question,ground_truth,model_answer,score
Is a Core an anatomical part of an almond?,No,"No. 

The context discusses preparing almonds for consumption, not their internal anatomy.",True
Is a Shell an anatomical part of an almond?,Yes,"No. 

The context refers to shells as the outer covering of nuts like almonds and pistachios.","False 

The LLM answer does not align with the ground truth. According to the context, a shell is indeed an anatomical part of an almond, referring to its outer covering. Therefore, the correct answer should be ""Yes"", not ""No""."
"What is the edibility of an almond's Shell - can it be eaten, should it be avoided or must it be avoided?",MustBeAvoided,Almond shells should be avoided.,"True 

The LLM answer aligns with the ground truth, as ""should be avoided"" implies that it's not recommended to eat almond shells, which is consistent with ""must be avoided""."
Is a Peel an anatomical part of an almond?,No,"No. 

The context refers to peeling the *skin* of an almond, not a separate anatomical part called a ""peel"".",True
Is a Stem an anatomical part of an almond?,No,"No. 

The context refers to almond stems as separate from the almond itself.",True
"When cutting an almond, what tool should be used?",Knife,Knife,True
"When peeling an almond, what tool should be used?",Nutcracker,The provided text suggests using an **electric peeler** or **hand peeling**.,"False 

The LLM answer does not align with the ground truth, which specifies a nutcracker as the tool to use when peeling an almond. The LLM suggests using an electric peeler or hand peeling instead."
Is a Core an anatomical part of an apple?,Yes,Yes.,True
"What is the edibility of an apple's Core - can it be eaten, should it be avoided or must it be avoided?",ShouldBeAvoided,Apple cores should be removed and discarded.,"True 

The LLM answer implies that the core should not be eaten, which aligns with the ground truth that it ""ShouldBeAvoided""."
Is a Shell an anatomical part of an apple?,No,"No. 

The context discusses slicing and coring apples, which are parts of the fruit, not the shell.",True
Is a Peel an anatomical part of an apple?,Yes,Yes.,True
"What is the edibility of an apple's Peel - can it be eaten, should it be avoided or must it be avoided?",Edible,Apple peels can be eaten.,True
Is a Stem an anatomical part of an apple?,No,Yes.,False
"When cutting an apple, what tool should be used?",CuttingTool,A sharp knife or an apple corer.,"True 

The LLM answer, ""A sharp knife or an apple corer"", aligns with the ground truth ""CuttingTool"" as both a sharp knife and an apple corer are types of cutting tools."
"When peeling an apple, what tool should be used?",Peeler,Vegetable peeler or knife.,"True 

The LLM answer includes the ground truth answer ""Peeler"" (as ""Vegetable peeler"") and also provides an alternative option, which is still a reasonable tool for peeling an apple. Therefore, the LLM answer aligns with the ground truth."
Is a Core an anatomical part of an avocado?,Yes,"No. 

The context describes the skin and flesh of an avocado, not a core.","False 

The LLM answer does not align with the ground truth. The ground truth states that a core is an anatomical part of an avocado, but the LLM answer denies this. In reality, an avocado does have a core, which is the central, inedible part of the fruit that contains the seed."
"What is the edibility of an avocado's Core - can it be eaten, should it be avoided or must it be avoided?",MustBeAvoided,The provided text does not mention the edibility of an avocado core.,"False 

The LLM answer does not align with the ground truth, as it fails to provide a direct answer regarding the edibility of an avocado's core, whereas the ground truth clearly states that it ""MustBeAvoided""."
Is a Shell an anatomical part of an avocado?,No,Yes.,False
Is a Peel an anatomical part of an avocado?,Yes,Yes.,True
"What is the edibility of an avocado's Peel - can it be eaten, should it be avoided or must it be avoided?",MustBeAvoided,"The provided text focuses on selecting and ripening avocados, and doesn't mention the edibility of the peel.","False 

The LLM answer does not align with the ground truth, as it does not provide a direct answer to the question about the edibility of an avocado's peel, instead stating that the provided text does not mention it. The ground truth clearly states that the peel ""MustBeAvoided""."
Is a Stem an anatomical part of an avocado?,No,Yes.,False
"When cutting an avocado, what tool should be used?",Knife,A sharp knife.,True
"When peeling an avocado, what tool should be used?",Knife,Hand peeler,"False 

The LLM answer ""Hand peeler"" does not align with the ground truth answer ""Knife"". While a hand peeler could potentially be used, the ground truth specifically states that a knife should be used."
Is a Core an anatomical part of a banana?,No,No.,True
Is a Shell an anatomical part of a banana?,No,"No. 

The context discusses shells of nuts, not bananas.","True 

The LLM answer aligns with the ground truth, which states that a shell is not an anatomical part of a banana. The additional context provided helps to clarify that the discussion is about shells in a different context (nuts), but the answer itself is correct in relation to bananas."
Is a Peel an anatomical part of a banana?,Yes,Yes.,True
"What is the edibility of a banana's Peel - can it be eaten, should it be avoided or must it be avoided?",MustBeAvoided,"Banana peels are edible, though heating them makes them easier to digest.","False 

The LLM answer states that banana peels are edible, which contradicts the ground truth that they must be avoided. While the LLM answer does provide some additional information about digestibility, the primary claim about edibility does not align with the ground truth."
Is a Stem an anatomical part of a banana?,No,Yes.,False
"When cutting a banana, what tool should be used?",Knife,A knife.,True
"When peeling a banana, what tool should be used?",Hand,Hand.,True
Is a Core an anatomical part of a bean?,No,"No. 

The context refers to edible parts of beans, not internal structures like a core.",True
Is a Shell an anatomical part of a bean?,No,Yes.,False
Is a Peel an anatomical part of a bean?,No,"No. 

The context refers to peeling the skin of a fruit, not a bean.","True 

The LLM answer aligns with the ground truth, which states that a peel is not an anatomical part of a bean. The context clarifies that peeling refers to removing the skin of a fruit, which is not applicable to beans."
Is a Stem an anatomical part of a bean?,No,Yes.,False
"When cutting a bean, what tool should be used?",Knife,Utility knife,"True 

The LLM answer ""Utility knife"" is a specific type of knife, which aligns with the ground truth answer ""Knife""."
Is a Core an anatomical part of a cherry?,No,"No. 

The provided context discusses stems, leaves, and pits of various plants, but not cores.",True
Is a Shell an anatomical part of a cherry?,No,"No. 

The context refers to a pistachio shell, not a cherry shell.","True 

The LLM answer aligns with the ground truth, which states that a shell is not an anatomical part of a cherry. The additional context about pistachio shells does not change the fact that the LLM's answer matches the ground truth regarding cherries."
Is a Peel an anatomical part of a cherry?,No,"No. 

The context refers to peeling the skin of a fruit, implying the peel is a separate layer from the anatomical parts of the cherry.",True
Is a Stem an anatomical part of a cherry?,No,Yes.,False
Is a Core an anatomical part of a citron?,No,"No. 

The provided context discusses atoms, drawing, and teeth, none of which are related to the anatomy of a citron.",True
Is a Shell an anatomical part of a citron?,No,"No. 

The context refers to shells of nuts and seafood, not citrus fruits like citrons.","True 

The LLM answer aligns with the ground truth, which states that a shell is not an anatomical part of a citron. The context clarifies that the term ""shell"" refers to those found in nuts and seafood, further supporting the conclusion that it does not apply to citrons, which are citrus fruits."
Is a Peel an anatomical part of a citron?,Yes,"Yes. 

The context mentions using a peeler to obtain the skin of a citron.","True. 

The LLM answer aligns with the ground truth, as both confirm that a peel is an anatomical part of a citron. The context about using a peeler to obtain the skin further supports this, as the skin of a citron is indeed its peel."
"What is the edibility of a citron's Peel - can it be eaten, should it be avoided or must it be avoided?",MustBeAvoided,"The citron peel is edible, but can be rough and fibrous.","False 

The LLM answer states that the citron peel is edible, whereas the ground truth answer states that it must be avoided, indicating that the LLM's response does not align with the ground truth."
Is a Stem an anatomical part of a citron?,No,No. The context refers to chenille stems used in crafting.,"True 

The LLM answer aligns with the ground truth, which states that a stem is not an anatomical part of a citron. The LLM provides additional context to clarify the type of stem being referred to, but the core answer matches the ground truth."
"When cutting a citron, what tool should be used?",Knife,This document does not mention what tool to use when cutting a citron.,"False 

The LLM answer does not align with the ground truth, which states that a knife should be used when cutting a citron. The LLM answer claims that the information is not available, but the ground truth provides a clear answer."
"When peeling a citron, what tool should be used?",Hand,An electric peeler or a hand peeler.,"False 

The ground truth answer is ""Hand"", but the LLM answer mentions using a tool (electric peeler or hand peeler), which does not align with the ground truth."
Is a Core an anatomical part of a coconut?,No,"No. 

The provided text discusses the ""tail"" of a coconut and its cultural significance, but doesn't mention a ""core"".",True
Is a Shell an anatomical part of a coconut?,Yes,Yes.,True
"What is the edibility of a coconut's Shell - can it be eaten, should it be avoided or must it be avoided?",MustBeAvoided,The provided text does not mention the edibility of coconut shells.,"False 

The LLM answer does not align with the ground truth, as it fails to provide a direct answer to the question and instead states that the provided text does not mention the edibility of coconut shells. However, the ground truth clearly states that coconut shells ""MustBeAvoided"", implying that they are not edible and should not be consumed. A correct LLM answer would be ""MustBeAvoided"" to align with the ground truth."
Is a Peel an anatomical part of a coconut?,No,"No. The context refers to peeling the skin of a coconut, implying the peel is an outer layer, not an anatomical part.",True
Is a Stem an anatomical part of a coconut?,No,"No. 

The context refers to the ""tail"" of the coconut, which is not the stem.","True 

The LLM answer aligns with the ground truth, which states that a stem is not an anatomical part of a coconut. The context clarifies that the term ""tail"" of the coconut is being referred to, but this does not change the fact that the LLM answer matches the ground truth."
"When cutting a coconut, what tool should be used?",Knife,"A utility knife, old kitchen knife, bread knife, or box cutter.","True 

The LLM answer includes a ""knife"" which aligns with the ground truth answer. Although the LLM provides more specific examples, they all fall under the category of a knife."
"When peeling a coconut, what tool should be used?",Nutcracker,Vegetable peeler,"False 

The LLM answer ""Vegetable peeler"" does not align with the ground truth answer ""Nutcracker"". A nutcracker is a more suitable tool for cracking open a coconut, whereas a vegetable peeler is typically used for removing the skin of vegetables."
Is a Core an anatomical part of a cucumber?,No,"No. 

The text refers to removing seeds and flesh from the center of the cucumber.",True
Is a Shell an anatomical part of a cucumber?,No,"No. 

The context discusses preparing cucumbers for cooking and makes no mention of shells.",True
Is a Peel an anatomical part of a cucumber?,Yes,Yes.,True
"What is the edibility of a cucumber's Peel - can it be eaten, should it be avoided or must it be avoided?",Edible,"The cucumber peel is edible but can be rough, so peeling is optional based on texture preference.","True 

The LLM answer aligns with the ground truth that the cucumber peel is edible. Although it provides additional information about texture preference, it does not contradict the fact that the peel can be eaten."
Is a Stem an anatomical part of a cucumber?,Yes,Yes.,True
"What is the edibility of a cucumber's Stem - can it be eaten, should it be avoided or must it be avoided?",ShouldBeAvoided,The provided text focuses on preparing cucumbers for cooking and doesn't mention the edibility of the stem.,"False 

Reasoning: The LLM answer does not address the question of the edibility of a cucumber's stem, whereas the ground truth answer clearly states that it ""ShouldBeAvoided"". The LLM answer seems to be a non sequitur, as it discusses the provided text rather than providing a direct answer to the question. A correct answer would have been to state that the edibility of the stem should be avoided, or to provide a reason why it is or is not edible."
"When cutting a cucumber, what tool should be used?",Knife,A small knife or vegetable peeler.,"True 

The LLM answer includes a knife, which aligns with the ground truth. Although it also mentions a vegetable peeler, the presence of ""knife"" makes the answer acceptable."
"When peeling a cucumber, what tool should be used?",Peeler,vegetable peeler,True
Is a Core an anatomical part of a kiwi?,No,Yes.,False
Is a Shell an anatomical part of a kiwi?,No,"No. 

The provided text describes the anatomy of a dog and how to eat a kiwi fruit.  A shell is not a part of a kiwi.",True
Is a Peel an anatomical part of a kiwi?,Yes,Yes.,True
"What is the edibility of a kiwi's Peel - can it be eaten, should it be avoided or must it be avoided?",Edible,Kiwi peel is edible but can be removed.,"True 

The LLM answer aligns with the ground truth that kiwi peel is edible, even though it mentions the option of removing it, which is a matter of personal preference rather than a requirement for safety or edibility."
Is a Stem an anatomical part of a kiwi?,No,"No. 

The text describes removing the skin of a kiwi, indicating the skin is an external part, not a stem.",True
"When cutting a kiwi, what tool should be used?",Knife,A small knife.,True
"When peeling a kiwi, what tool should be used?",Knife,A tablespoon.,False
Is a Core an anatomical part of a kumquat?,No,"No. 

The provided context discusses cell components and food preparation, not kumquat anatomy.",True
Is a Shell an anatomical part of a kumquat?,No,"No. 

The provided text discusses shells in the context of hermit crabs and nuts, not kumquats.",True
Is a Peel an anatomical part of a kumquat?,Yes,"No. 

The provided context discusses stems and leaves, not the peel of a fruit.","False 

The LLM answer does not align with the ground truth. The ground truth states that a peel is an anatomical part of a kumquat, but the LLM answer claims it is not."
"What is the edibility of a kumquat's Peel - can it be eaten, should it be avoided or must it be avoided?",MustBeAvoided,"The kumquat peel is edible, but can be rough.","False 

The LLM answer states that the kumquat peel is edible, whereas the ground truth answer states that it must be avoided, indicating a contradiction."
Is a Stem an anatomical part of a kumquat?,No,Yes.,False
"When cutting a kumquat, what tool should be used?",Knife,Craft knife,"True 

The LLM answer ""Craft knife"" is a specific type of knife, which aligns with the ground truth answer ""Knife""."
"When peeling a kumquat, what tool should be used?",Hand,"A sharp tool like a scraper, chisel, or even pliers.","False 

The LLM answer does not align with the ground truth, which states that the recommended tool for peeling a kumquat is the hand. The LLM's suggestion of using sharp tools like a scraper, chisel, or pliers is not only unnecessary but also potentially unsafe and damaging to the fruit."
Is a Core an anatomical part of a lemon?,No,"No. 

The context discusses mangoes and lemons but doesn't mention a ""core"" being part of a lemon.",True
Is a Shell an anatomical part of a lemon?,No,"No. 

The context discusses mango pits and nut shells, not lemon anatomy.","True 

The LLM answer aligns with the ground truth, which states that a shell is not an anatomical part of a lemon."
Is a Peel an anatomical part of a lemon?,Yes,Yes.,True
"What is the edibility of a lemon's Peel - can it be eaten, should it be avoided or must it be avoided?",MustBeAvoided,"The provided text focuses on cleaning lemon peels, implying they are edible.","False 

The LLM answer implies that lemon peels are edible, which contradicts the ground truth that they must be avoided. Therefore, the LLM answer does not align with the ground truth."
Is a Stem an anatomical part of a lemon?,No,Yes.,False
"When cutting a lemon, what tool should be used?",Knife,Kitchen knife,"True 

The LLM answer ""Kitchen knife"" aligns with the ground truth ""Knife"" as a kitchen knife is a type of knife."
"When peeling a lemon, what tool should be used?",Hand,Vegetable brush,"False 

The LLM answer ""Vegetable brush"" does not align with the ground truth answer ""Hand"". A hand is typically used to peel a lemon, not a vegetable brush."
Is a Core an anatomical part of a lime?,No,No.,True
Is a Shell an anatomical part of a lime?,No,"No. 

The context discusses lime as a soil amendment, not a fruit.",True
Is a Peel an anatomical part of a lime?,Yes,Yes.,True
"What is the edibility of a lime's Peel - can it be eaten, should it be avoided or must it be avoided?",MustBeAvoided,Lime peel is edible but can be rough and fibrous.,"False 

The LLM answer suggests that lime peel is edible, whereas the ground truth states that it must be avoided. These two statements are contradictory, indicating that the LLM answer does not align with the ground truth."
Is a Stem an anatomical part of a lime?,No,Yes.,False
"When cutting a lime, what tool should be used?",Knife,A scoring tool with a carbide cutting wheel.,"False 

The ground truth answer is ""Knife"", but the LLM answer is ""A scoring tool with a carbide cutting wheel"", which is not the same. While a scoring tool could potentially be used to cut a lime, it is not the most common or recommended tool for this task, and it does not align with the ground truth answer."
"When peeling a lime, what tool should be used?",Hand,A vegetable peeler or a hand peeling method.,"True 

The LLM answer includes ""a hand peeling method"", which aligns with the ground truth answer ""Hand"". Although the LLM answer also mentions ""a vegetable peeler"", the inclusion of ""hand peeling method"" makes it a correct answer."
Is a Core an anatomical part of an olive?,Yes,"No. 

The context discusses mangoes and olive oil, not the anatomical parts of olives.","False 

The LLM answer does not align with the ground truth. The ground truth states that a core is an anatomical part of an olive, but the LLM answer claims it is not. The context may discuss other topics, but the question is specifically about the anatomical parts of an olive, and the LLM answer is incorrect."
"What is the edibility of an olive's Core - can it be eaten, should it be avoided or must it be avoided?",MustBeAvoided,The provided text does not contain information about the edibility of olive cores.,"False 

The LLM answer does not align with the ground truth, as it fails to provide a direct answer to the question and instead states that the information is not available, whereas the ground truth clearly states that the core ""MustBeAvoided""."
Is a Shell an anatomical part of an olive?,No,"No. 

The context refers to shells of lobsters and pistachios, not olives.","True 

The LLM answer aligns with the ground truth, which states that a shell is not an anatomical part of an olive. The context provided further clarifies that the term ""shell"" is being used in reference to other types of food items, such as lobsters and pistachios, which have shells, but it does not apply to olives."
Is a Peel an anatomical part of an olive?,No,Yes.,False
Is a Stem an anatomical part of an olive?,No,Yes.,False
"When cutting an olive, what tool should be used?",Knife,Craft knife,"True 

The LLM answer ""Craft knife"" is a type of knife, which aligns with the ground truth answer ""Knife""."
Is a Core an anatomical part of an orange?,No,"No. 

The context describes removing the rind (peel) of an orange, implying the core is not a separate part.",True
Is a Shell an anatomical part of an orange?,No,"No. 

The context refers to shells of lobsters and pistachios, not oranges.","True 

The LLM answer aligns with the ground truth, which states that a shell is not an anatomical part of an orange. The context provided further clarifies that the term ""shell"" is being used in reference to other objects, such as lobsters and pistachios, which have shells, but this does not apply to oranges."
Is a Peel an anatomical part of an orange?,Yes,Yes.,True
"What is the edibility of an orange's Peel - can it be eaten, should it be avoided or must it be avoided?",MustBeAvoided,Orange peel can be eaten.,"False 

The LLM answer does not align with the ground truth. The ground truth states that the peel ""MustBeAvoided"", while the LLM answer claims it ""can be eaten""."
"What is the edibility of an orange's Peel - can it be eaten, should it be avoided or must it be avoided?",MustBeAvoided,Orange peel can be eaten.,"False 

The LLM answer does not align with the ground truth. The ground truth states that the peel ""MustBeAvoided"", while the LLM answer claims it ""can be eaten""."
Is a Stem an anatomical part of an orange?,No,Yes.,False
"When cutting an orange, what tool should be used?",Knife,A knife.,True
"When cutting an orange, what tool should be used?",Knife,A knife.,True
"When peeling an orange, what tool should be used?",Hand,A spoon.,False
"When peeling an orange, what tool should be used?",Hand,A spoon.,False
Is a Core an anatomical part of a peach?,Yes,"No. This text describes mangoes, not peaches.","False 

The LLM answer does not align with the ground truth. The ground truth states that a core is an anatomical part of a peach, but the LLM answer incorrectly denies this and also mentions mangoes, which are not relevant to the question."
"What is the edibility of a peach's Core - can it be eaten, should it be avoided or must it be avoided?",MustBeAvoided,The provided text does not contain information about the edibility of peach cores.,"False 

The LLM answer does not align with the ground truth, as it fails to provide a direct answer to the question, instead stating that the provided text does not contain the necessary information. However, since the ground truth is provided as ""MustBeAvoided"", it is implied that the correct answer is indeed that peach cores must be avoided, which the LLM failed to acknowledge."
Is a Shell an anatomical part of a peach?,No,"No. 

The context refers to shells of nuts (pistachios) and a pit of a mango, not a peach.","True 

The LLM answer aligns with the ground truth, which states that a shell is not an anatomical part of a peach. The context provided does not change the fact that peaches do not have shells, they have pits or stones."
Is a Peel an anatomical part of a peach?,No,Yes.,False
Is a Stem an anatomical part of a peach?,No,Yes.,False
"When cutting a peach, what tool should be used?",Knife,Serrated edge knife,"True 

The LLM answer, ""Serrated edge knife"", is a more specific and detailed version of the ground truth answer, ""Knife"". A serrated edge knife is a type of knife, so the LLM answer is still accurate and aligns with the ground truth."
Is a Core an anatomical part of a pepper?,No,"No. 

The context mentions ""red bell peppers"" and ""yellow bell peppers"" which are types of peppers, not anatomical parts.",True
Is a Shell an anatomical part of a pepper?,No,"No. 

The context discusses shells in relation to pistachios, not peppers.","True 

The LLM answer aligns with the ground truth, which states that a shell is not an anatomical part of a pepper. The context mentioning pistachios is irrelevant to the question about peppers, but the LLM's answer correctly reflects the ground truth."
Is a Peel an anatomical part of a pepper?,No,Yes.,False
Is a Stem an anatomical part of a pepper?,Yes,Yes.,True
"What is the edibility of a pepper's Stem - can it be eaten, should it be avoided or must it be avoided?",ShouldBeAvoided,The provided text does not mention the edibility of pepper stems.,"False 

Reasoning: The LLM answer does not align with the ground truth. The ground truth states that pepper stems ""ShouldBeAvoided"", but the LLM answer claims that the text does not mention the edibility of pepper stems, which is not a direct answer to the question and does not match the ground truth."
"When cutting a pepper, what tool should be used?",Knife,A cutting tool.,"True 

The LLM answer ""A cutting tool"" is somewhat vague but still aligns with the ground truth ""Knife"" since a knife is indeed a type of cutting tool."
Is a Core an anatomical part of a pineapple?,Yes,"No. 

The text refers to removing the ""eyes"" and ""hard outer layer"" of a pineapple, indicating the core is not a distinct anatomical part.","False 

The LLM answer does not align with the ground truth. The ground truth states that a core is an anatomical part of a pineapple, but the LLM answer claims it is not."
"What is the edibility of a pineapple's Core - can it be eaten, should it be avoided or must it be avoided?",Edible,The core should be avoided.,"False 

The LLM answer does not align with the ground truth, which states that the core of a pineapple is edible. The LLM answer advises avoiding the core, which contradicts the ground truth."
Is a Shell an anatomical part of a pineapple?,No,"No. 

The context refers to removing the ""eyes"" and the ""hard outer layer"" of a pineapple, indicating these are separate from the edible flesh.","True. 

The LLM answer aligns with the ground truth, which states that a shell is not an anatomical part of a pineapple. The context provided also supports this, as it refers to removing the ""eyes"" and the ""hard outer layer"" (which could be considered the skin or rind) of a pineapple, implying these are distinct from the edible flesh and not referred to as a ""shell""."
Is a Peel an anatomical part of a pineapple?,Yes,Yes.,True
"What is the edibility of a pineapple's Peel - can it be eaten, should it be avoided or must it be avoided?",MustBeAvoided,"The provided text instructs on how to remove the pineapple peel, implying it should be avoided.",True
Is a Stem an anatomical part of a pineapple?,No,"No. 

The context refers to removing the ""spiky green top"" which is the stem.","True 

The LLM answer aligns with the ground truth, which states that a stem is not an anatomical part of a pineapple, and in the context, the ""spiky green top"" being referred to is indeed the stem."
"When cutting a pineapple, what tool should be used?",Knife,A knife.,True
"When peeling a pineapple, what tool should be used?",Knife,A knife.,True
Is a Core an anatomical part of a pumpkin?,No,"No. 

The context discusses painting and pollinating pumpkins, not their internal anatomy.",True
Is a Shell an anatomical part of a pumpkin?,No,"No. 

The context discusses painting and growing pumpkins, not their anatomy.","True 

The LLM answer aligns with the ground truth, which states that a shell is not an anatomical part of a pumpkin."
Is a Peel an anatomical part of a pumpkin?,Yes,Yes.,True
"What is the edibility of a pumpkin's Peel - can it be eaten, should it be avoided or must it be avoided?",ShouldBeAvoided,Pumpkin peel is edible but can be rough and fibrous.,"False 

The LLM answer suggests that the pumpkin peel is edible, although it may be rough and fibrous, whereas the ground truth answer indicates that it should be avoided. These two statements do not align, hence the result is False."
Is a Stem an anatomical part of a pumpkin?,No,Yes.,False
"When cutting a pumpkin, what tool should be used?",Knife,The provided text doesn't mention what tool to use for cutting a pumpkin.,"False 

The LLM answer does not align with the ground truth, which states that a knife should be used for cutting a pumpkin. The LLM answer is also incorrect because it claims that the text doesn't mention the tool, but the question itself implies that a tool is needed and the ground truth provides the correct answer."
"When peeling a pumpkin, what tool should be used?",Knife,The provided text does not mention what tool to use for peeling a pumpkin.,"False 

The LLM answer does not align with the ground truth, which states that a knife should be used for peeling a pumpkin. The LLM answer is also incorrect because it claims that the text does not mention the tool, but the question itself implies that there is a correct tool to use."
Is a Core an anatomical part of a strawberry?,No,"No. 

The context discusses mangoes and identifying berries, not the anatomy of strawberries.","True 

The LLM answer aligns with the ground truth, which states that a core is not an anatomical part of a strawberry."
Is a Shell an anatomical part of a strawberry?,No,"No. 

The context discusses pistachio shells, not strawberry anatomy.","True 

The LLM answer aligns with the ground truth, which states that a shell is not an anatomical part of a strawberry. The additional context about pistachio shells does not change the fact that the LLM's answer matches the ground truth regarding strawberries."
Is a Peel an anatomical part of a strawberry?,No,Yes.,False
Is a Stem an anatomical part of a strawberry?,Yes,"No. 

The context discusses stems of herbs, not strawberries.","False 

The LLM answer does not align with the ground truth. The ground truth states that a stem is an anatomical part of a strawberry, but the LLM answer claims it is not. The context provided does not change the fact that strawberries do have stems, so the LLM answer is incorrect."
"What is the edibility of a strawberry's Stem - can it be eaten, should it be avoided or must it be avoided?",ShouldBeAvoided,The provided text does not contain information about the edibility of strawberry stems.,"False 

The LLM answer does not align with the ground truth, as it fails to provide a direct answer to the question and instead states that the information is not available, whereas the ground truth clearly states that strawberry stems should be avoided."
"When cutting a strawberry, what tool should be used?",Knife,A sanitized cutting tool.,"True 

The LLM answer, ""A sanitized cutting tool"", aligns with the ground truth ""Knife"" since a knife is a type of cutting tool, and it's implied that it should be sanitized before use. The LLM answer is more general but still accurate and safe in the context of cutting a strawberry."
Is a Core an anatomical part of a squash?,No,"No. 

The context describes removing seeds and fibers from a squash, but not a core.",True
Is a Shell an anatomical part of a squash?,No,"No. 

The context refers to removing the seeds and fibers from a squash, not a shell.  Shells are associated with nuts like pistachios.",True
Is a Peel an anatomical part of a squash?,Yes,Yes.,True
"What is the edibility of a squash's Peel - can it be eaten, should it be avoided or must it be avoided?",ShouldBeAvoided,The squash peel is edible.,"False 

The LLM answer states that the squash peel is edible, which contradicts the ground truth that it should be avoided. Therefore, the LLM answer does not align with the ground truth."
Is a Stem an anatomical part of a squash?,No,Yes.,False
"When cutting a squash, what tool should be used?",Knife,A sharp knife.,True
"When peeling a squash, what tool should be used?",Knife,Vegetable peeler,"False 

Although a vegetable peeler can be used for some types of squash, the ground truth answer is a knife, which is generally more effective and commonly used for peeling squash."
Is a Core an anatomical part of a tomato?,No,No.,True
Is a Shell an anatomical part of a tomato?,No,"No. 

The context refers to a pistachio shell, not a tomato.","True 

The LLM answer aligns with the ground truth, which states that a shell is not an anatomical part of a tomato. The additional context about the pistachio shell is irrelevant to the question about tomatoes."
Is a Peel an anatomical part of a tomato?,Yes,Yes.,True
"What is the edibility of a tomato's Peel - can it be eaten, should it be avoided or must it be avoided?",Edible,Tomato peels can be eaten but are often discarded for texture and appearance reasons.,"True 

The LLM answer aligns with the ground truth that tomato peels are edible, even though it provides additional context about why they might be discarded."
Is a Stem an anatomical part of a tomato?,Yes,Yes.,True
"What is the edibility of a tomato's Stem - can it be eaten, should it be avoided or must it be avoided?",ShouldBeAvoided,The stem should be removed as it is tough.,"True 

The LLM answer implies that the stem is not typically eaten and should be removed, which aligns with the ground truth that it ""ShouldBeAvoided"". The reason provided by the LLM (toughness) is a plausible explanation for why the stem should be avoided, even though it doesn't directly state ""should be avoided""."
"When cutting a tomato, what tool should be used?",Knife,"A cutting tool, such as a knife.",True
"When quartering a specific fruit or vegetable, where should the knife be placed - in the middle or at the end of the object?",Middle,In the center.,True
"When quartering a specific fruit or vegetable, what other cutting task - if any - should be executed before?",Halving,Halving.,True
"When quartering a specific fruit or vegetable, how many cuts need to be made - exactly one or more than one?",exactly 1,More than one.,False
"When quartering a specific fruit or vegetable, what is form of the input to perform the action on?",Halve,Halves,"To determine the result, let's analyze the given information:

- The question asks about the form of the input to perform the action of quartering on a specific fruit or vegetable.
- The ground truth answer provided is ""Halve.""
- The LLM answer given is ""Halves.""

Quartering implies dividing into four parts. To quarter something, you would first halve it (divide into two parts) and then halve each of those parts again. Therefore, the initial step in the process of quartering is indeed to halve the item.

The ground truth ""Halve"" correctly identifies the first action in the process of quartering an item. The LLM answer ""Halves"" refers to the result of halving, which is the plural form of the noun, not the action itself.

Given this analysis, the LLM answer does not perfectly align with the ground truth in terms of grammatical correctness for the action described. The ground truth is a verb form (""Halve""),"
"When quartering a specific fruit or vegetable, what is form and amount of the resulting pieces?",2 Quarter,Four equal pieces.,"True 

The ground truth states ""2 Quarter"", which implies that the result of quartering is to divide into four equal parts, or quarters. The LLM answer ""Four equal pieces"" aligns with this, as quartering a fruit or vegetable would indeed result in four equal pieces."
"When julienning a specific fruit or vegetable, where should the knife be placed - in the middle or at the end of the object?",End,At the narrow end.,True
"When julienning a specific fruit or vegetable, what other cutting task - if any - should be executed before?",Slicing,Peeling.,"False 

The ground truth answer is ""Slicing"", but the LLM answer is ""Peeling"". These are two different cutting tasks, and the LLM answer does not align with the ground truth. 

Note: Julienne is a cutting technique where ingredients are cut into thin strips, and slicing is indeed a task that is often executed before julienning to create a flat surface for cutting into strips. Peeling, on the other hand, is a task that may be executed before slicing or julienning, but it's not the task that is directly related to julienning as mentioned in the ground truth."
"When julienning a specific fruit or vegetable, how many cuts need to be made - exactly one or more than one?",at least 1,More than one.,"True 

The LLM answer ""More than one"" aligns with the ground truth ""at least 1"" since making more than one cut implies that at least one cut is made."
"When julienning a specific fruit or vegetable, what is form of the input to perform the action on?",Slice,Pieces,"False 

The ground truth answer is ""Slice"", but the LLM answer is ""Pieces"". Julienning typically involves cutting into thin strips or slices, so ""Slice"" is the more accurate answer. ""Pieces"" is too general and doesn't specifically convey the thin, strip-like shape associated with julienning."
"When julienning a specific fruit or vegetable, what is form and amount of the resulting pieces?",1 Slice and 1 Stripe,Julienned pieces are matchsticks about 2-3 inches long and 1/4 inch wide.,"True 

The LLM answer describes the form and amount of the resulting pieces as matchsticks, which is consistent with the concept of julienned pieces being long, thin strips (similar to a stripe) and the size description implies a uniform shape similar to a slice. Although the LLM answer does not explicitly state ""1 Slice and 1 Stripe"", it conveys the same idea of uniform, thin strips, which aligns with the ground truth."
"When halving a specific fruit or vegetable, where should the knife be placed - in the middle or at the end of the object?",Middle,The knife should be placed in the middle of the object.,True
"When halving a specific fruit or vegetable, how many cuts need to be made - exactly one or more than one?",exactly 1,More than one.,False
"When halving a specific fruit or vegetable, what is form of the input to perform the action on?",Whole,Whole,True
"When halving a specific fruit or vegetable, what is form and amount of the resulting pieces?",2 Halve,Halving a fruit results in two pieces.,True
"When dicing a specific fruit or vegetable, where should the knife be placed - in the middle or at the end of the object?",End,At the narrow end.,True
"When dicing a specific fruit or vegetable, what other cutting task - if any - should be executed before?",Julienning,"Cut large fruits into chunks, slices, or wedges.","False 

The LLM answer does not align with the ground truth. Julienning is a specific cutting task that involves cutting ingredients into thin strips, typically before dicing. The LLM answer provides more general cutting tasks, but does not specifically mention Julienning."
"When dicing a specific fruit or vegetable, how many cuts need to be made - exactly one or more than one?",at least 1,More than one.,"True 

The LLM answer ""More than one"" aligns with the ground truth ""at least 1"" since making more than one cut implies that at least one cut is made."
"When dicing a specific fruit or vegetable, what is form of the input to perform the action on?",Stripe,The input is the whole fruit or vegetable.,"False 

The LLM answer does not align with the ground truth. The ground truth states that the form of the input is a ""stripe"", but the LLM answer states that the input is the ""whole fruit or vegetable""."
"When dicing a specific fruit or vegetable, what is form and amount of the resulting pieces?",1 Cube and 1 Stripe,"Chunks, slices, or wedges.","False 

The LLM answer does not align with the ground truth, which specifies that the resulting pieces should be 1 cube and 1 stripe. The LLM answer provides a more general response with ""chunks, slices, or wedges"", which does not match the specific forms mentioned in the ground truth."
"When cutting a specific fruit or vegetable, where should the knife be placed - in the middle or at the end of the object?",End,At the narrow end.,True
"When cutting a specific fruit or vegetable, how many cuts need to be made - exactly one or more than one?",exactly 1,More than one.,False
"When cutting a specific fruit or vegetable, what is form of the input to perform the action on?",Whole or FoodPart,Peeled and cut,"False 

The LLM answer ""Peeled and cut"" does not align with the ground truth ""Whole or FoodPart"". The ground truth suggests that the input can be either a whole fruit/vegetable or a part of it, whereas the LLM answer implies a specific state of preparation (peeled and cut) rather than the form of the input."
"When cutting a specific fruit or vegetable, what is form and amount of the resulting pieces?",1 FoodPart and 1 Slice,"The form and amount of pieces vary depending on the fruit or vegetable. 

Examples:

* **Fruits:** Chunks, slices, or wedges.
* **Carrots:** 3-inch long pieces.
* **Apples:** Halved, quartered, or eighths.","False 

The LLM answer does not align with the ground truth, which specifies that the resulting pieces should be 1 FoodPart and 1 Slice. The LLM answer provides various forms and amounts of pieces depending on the fruit or vegetable, which is not consistent with the ground truth."
"When slicing a specific fruit or vegetable, where should the knife be placed - in the middle or at the end of the object?",End,At the end.,True
"When slicing a specific fruit or vegetable, how many cuts need to be made - exactly one or more than one?",at least 1,More than one.,"True 

The LLM answer ""More than one"" aligns with the ground truth ""at least 1"" because making more than one cut implies that at least one cut is made. The ground truth does not specify an exact number, and the LLM answer is a possible scenario that satisfies the condition of making at least one cut."
"When slicing a specific fruit or vegetable, what is form of the input to perform the action on?",Whole or FoodPart,Halves,"False 

The LLM answer ""Halves"" does not align with the ground truth ""Whole or FoodPart"". Halves is a possible result of slicing, but it's not the form of the input to perform the action on. The correct answer should be ""Whole or FoodPart"" as stated in the ground truth."
"When slicing a specific fruit or vegetable, what is form and amount of the resulting pieces?",1 FoodPart and 1 Slice,"Apples: 8 pieces, sliced.
Kiwifruit: Small semicircles.
Carrots: 3-inch pieces.","False 

The LLM answer does not align with the ground truth. The ground truth specifies that the result of slicing a specific fruit or vegetable should be ""1 FoodPart and 1 Slice"", which implies a specific and uniform outcome. In contrast, the LLM answer provides varying and non-uniform results for different fruits and vegetables (e.g., ""8 pieces"" for apples, ""small semicircles"" for kiwifruit, and ""3-inch pieces"" for carrots), which does not match the ground truth."
"When snipping a specific fruit or vegetable, where should the knife be placed - in the middle or at the end of the object?",End,At the end.,True
"When snipping a specific fruit or vegetable, how many cuts need to be made - exactly one or more than one?",at least 1,More than one.,"False 

The ground truth states ""at least 1"", which means one cut is sufficient, but the LLM answer states ""More than one"", which contradicts the ground truth."
"When snipping a specific fruit or vegetable, what is form of the input to perform the action on?",Whole or FoodPart,A specific fruit or vegetable.,"False 

The LLM answer ""A specific fruit or vegetable"" does not align with the ground truth ""Whole or FoodPart"". The ground truth indicates that the input can be either a whole fruit/vegetable or a part of it, whereas the LLM answer only mentions a specific fruit or vegetable without considering the possibility of it being a part."
"When snipping a specific fruit or vegetable, what is form and amount of the resulting pieces?",1 FoodPart and 1 Slice,Small pieces.,"False 

The LLM answer ""Small pieces"" does not align with the ground truth ""1 FoodPart and 1 Slice"". The ground truth specifies the form and amount of the resulting pieces, which is one food part and one slice, whereas the LLM answer is too vague and does not provide a clear description of the form and amount of the resulting pieces."
"When slivering a specific fruit or vegetable, where should the knife be placed - in the middle or at the end of the object?",End,At the narrow end.,True
"When slivering a specific fruit or vegetable, how many cuts need to be made - exactly one or more than one?",at least 1,More than one.,"True 

The LLM answer ""More than one"" aligns with the ground truth ""at least 1"" since making more than one cut implies that at least one cut is made."
"When slivering a specific fruit or vegetable, what is form of the input to perform the action on?",Whole or FoodPart,A whole fruit or vegetable.,True
"When slivering a specific fruit or vegetable, what is form and amount of the resulting pieces?",1 FoodPart and 1 Slice,"Thin, flat pieces.","True. 

The LLM answer ""Thin, flat pieces"" aligns with the ground truth ""1 FoodPart and 1 Slice"", as slivering typically results in thin, flat pieces, which can be described as slices."
"When sawing a specific fruit or vegetable, where should the knife be placed - in the middle or at the end of the object?",End,At the end.,True
"When sawing a specific fruit or vegetable, how many cuts need to be made - exactly one or more than one?",exactly 1,More than one.,False
"When sawing a specific fruit or vegetable, what is form of the input to perform the action on?",Whole or FoodPart,The input is the **form** of the fruit or vegetable.,"False 

The LLM answer does not align with the ground truth. The ground truth specifies that the input form is ""Whole or FoodPart"", whereas the LLM answer vaguely mentions ""the form of the fruit or vegetable"" without providing a clear or specific answer that matches the ground truth."
"When sawing a specific fruit or vegetable, what is form and amount of the resulting pieces?",1 FoodPart and 1 Slice,Two halves and a middle section with the pit.,"False 

The LLM answer does not align with the ground truth. The ground truth states that sawing a specific fruit or vegetable results in 1 FoodPart and 1 Slice, whereas the LLM answer describes a different outcome, mentioning two halves and a middle section with a pit, which is more specific to cutting a fruit like an avocado or an olive, rather than a general outcome of sawing."
"When paring a specific fruit or vegetable, where should the knife be placed - in the middle or at the end of the object?",End,At the end.,True
"When paring a specific fruit or vegetable, how many cuts need to be made - exactly one or more than one?",exactly 1,More than one.,False
"When paring a specific fruit or vegetable, what is form of the input to perform the action on?",Whole or FoodPart,Peeled and cut,"False 

The LLM answer ""Peeled and cut"" does not align with the ground truth ""Whole or FoodPart"". The ground truth suggests that the input for paring can be either a whole fruit/vegetable or a part of it, whereas the LLM answer implies a specific state of preparation (peeled and cut) rather than the form of the input."
"When paring a specific fruit or vegetable, what is form and amount of the resulting pieces?",1 FoodPart and 1 Slice,Two halves and one middle section.,"False 

The LLM answer does not align with the ground truth. The ground truth specifies 1 FoodPart and 1 Slice, whereas the LLM answer describes ""Two halves and one middle section"", which is a different form and amount of resulting pieces."
"When carving a specific fruit or vegetable, where should the knife be placed - in the middle or at the end of the object?",End,At the narrow end.,True
"When carving a specific fruit or vegetable, how many cuts need to be made - exactly one or more than one?",exactly 1,More than one.,False
"When carving a specific fruit or vegetable, what is form of the input to perform the action on?",Whole or FoodPart,The input is the **peeled and cut** fruit or vegetable.,"False 

The LLM answer does not align with the ground truth, which specifies that the input form is ""Whole or FoodPart"", whereas the LLM answer mentions the input is ""peeled and cut"", which implies a more processed state."
"When carving a specific fruit or vegetable, what is form and amount of the resulting pieces?",1 FoodPart and 1 Slice,Two halves and a middle section with the pit.,"False 

The LLM answer does not align with the ground truth. The ground truth specifies 1 FoodPart and 1 Slice, whereas the LLM answer describes ""Two halves and a middle section with the pit"", which is a different form and amount of resulting pieces."
"When mincing a specific fruit or vegetable, where should the knife be placed - in the middle or at the end of the object?",End,At the narrow end.,True
"When mincing a specific fruit or vegetable, what other cutting task - if any - should be executed before?",Julienning,"Cutting into chunks, slices, or wedges.","False 

The LLM answer does not align with the ground truth. Julienning is a specific cutting task that involves cutting ingredients into thin strips, typically before mincing. Cutting into chunks, slices, or wedges is a more general cutting task and is not the specific task that should be executed before mincing, according to the ground truth."
"When mincing a specific fruit or vegetable, how many cuts need to be made - exactly one or more than one?",at least 1,More than one.,"True 

The LLM answer ""More than one"" aligns with the ground truth ""at least 1"" since making more than one cut implies that at least one cut is made."
"When mincing a specific fruit or vegetable, what is form of the input to perform the action on?",Stripe,The input is a whole carrot.,"False 

The ground truth answer is ""Stripe"" which implies that the input to perform the action of mincing should be in a striped or thin, elongated form. However, the LLM answer states that the input is a whole carrot, which does not align with the ground truth. A whole carrot would need to be peeled and cut into strips or a striped form before mincing."
"When mincing a specific fruit or vegetable, what is form and amount of the resulting pieces?",1 Cube and 1 Stripe,Very small pieces.,"False 

The LLM answer ""Very small pieces"" does not match the ground truth ""1 Cube and 1 Stripe"", which specifies the form and amount of the resulting pieces. The LLM answer is too vague and does not provide the specific information required."
"When cubing a specific fruit or vegetable, where should the knife be placed - in the middle or at the end of the object?",End,At the narrow end.,True
"When cubing a specific fruit or vegetable, what other cutting task - if any - should be executed before?",Julienning,Slicing.,"To determine if the LLM's answer aligns with the ground truth, let's analyze the information provided:

1. **Understanding the Terms**:
   - **Julienning** refers to the process of cutting vegetables or fruits into long, thin strips, typically about 1/8 inch (3 mm) in thickness. This is often done before cubing to make the strips easier to manage and to ensure uniformity in the final cube size.
   - **Slicing** involves cutting the food into flat pieces, which can be of varying thickness. While slicing can be a preliminary step in food preparation, it doesn't directly lead to cubing in the same way julienning does, as slicing doesn't inherently produce strips that can be easily cubed.

2. **Analyzing the Ground Truth and LLM Answer**:
   - The ground truth provided is ""Julienning,"" which is a cutting task that precedes cubing, especially when you want to achieve uniform cubes from"
"When cubing a specific fruit or vegetable, how many cuts need to be made - exactly one or more than one?",at least 1,More than one.,True
"When cubing a specific fruit or vegetable, what is form of the input to perform the action on?",Stripe,Pieces,"False 

The ground truth answer is ""Stripe"" but the LLM answer is ""Pieces"", which does not align with the ground truth."
"When cubing a specific fruit or vegetable, what is form and amount of the resulting pieces?",1 Cube and 1 Stripe,Cubes of any size.,"False 

The LLM answer does not align with the ground truth, which specifies that the resulting pieces should be 1 cube and 1 stripe, whereas the LLM answer mentions cubes of any size without referencing a stripe."
"When chopping a specific fruit or vegetable, where should the knife be placed - in the middle or at the end of the object?",End,At the end.,True
"When chopping a specific fruit or vegetable, what other cutting task - if any - should be executed before?",Julienning,Peeling.,"False 

The ground truth answer is ""Julienning"", which refers to cutting into thin strips, often after peeling, but more specifically after another task which is not mentioned. However, the LLM answer ""Peeling"" is a common task that is often executed before julienning, but it is not the task that is directly related to the question. The correct sequence would be peeling (if necessary), then julienning, but the question seems to be asking for a task that is done after peeling but before another cutting task, which could be something like coring or pitting. Since ""Julienning"" is the provided ground truth, it seems there might be some confusion in the question or the provided ground truth. 

However, considering the question asks for a task before another cutting task and ""Julienning"" is given as the ground truth, it seems like the question is actually asking for the task that ""Julienning"" is done before, which could"
"When chopping a specific fruit or vegetable, how many cuts need to be made - exactly one or more than one?",at least 1,More than one.,"True 

The LLM answer ""More than one"" aligns with the ground truth ""at least 1"" because making more than one cut implies that at least one cut is made. The ground truth does not specify that only one cut can be made, so both ""exactly one"" and ""more than one"" are compatible with ""at least 1""."
"When chopping a specific fruit or vegetable, what is form of the input to perform the action on?",Stripe,Peeled and cut carrots,"False 

The ground truth answer is ""Stripe"" which implies a specific form or shape of the input, whereas the LLM answer ""Peeled and cut carrots"" describes a specific type of fruit/vegetable and its state, rather than the form of the input."
"When chopping a specific fruit or vegetable, what is form and amount of the resulting pieces?",1 Cube and 1 Stripe,3-inch long pieces.,"False 

The LLM answer does not match the ground truth, which specifies the form and amount of the resulting pieces as ""1 Cube and 1 Stripe"". The LLM answer only provides a length measurement (""3-inch long pieces"") without describing the shape or quantity of the pieces."
"When dividing a specific fruit or vegetable, where should the knife be placed - in the middle or at the end of the object?",Middle,The knife should be placed at the **narrow end** of the fruit or vegetable.,"False 

The LLM answer does not align with the ground truth, which specifies that the knife should be placed in the middle of the fruit or vegetable. The LLM answer suggests placing the knife at the narrow end, which is not the same as the middle."
"When dividing a specific fruit or vegetable, how many cuts need to be made - exactly one or more than one?",exactly 1,More than one.,False
"When dividing a specific fruit or vegetable, what is form of the input to perform the action on?",Whole,"Chunks, slices, or wedges.","False 

The LLM answer does not align with the ground truth. The ground truth states that the input form is ""Whole"", whereas the LLM answer suggests that the input form can be ""Chunks, slices, or wedges"", which implies that the fruit or vegetable has already been divided."
"When dividing a specific fruit or vegetable, what is form and amount of the resulting pieces?",2 Halve,"Chunks, slices, or wedges.","False 

The LLM answer does not align with the ground truth, which specifically states ""2 Halve"", implying that the result of dividing the fruit or vegetable is two halves. The LLM answer provides alternative forms (chunks, slices, or wedges) that do not match the ground truth."
